<?xml version="1.0" encoding="UTF-8"?>
<zones><zone name="peopleInfo"><![CDATA[
						
						
						]]></zone><zone name="productList"><![CDATA[
					<TABLE width='100%'>
<TR><TD vAlign="top"  width='33.3%' >
	<TABLE>
		<TBODY>
			<TR>
				<TD class="portlet-form-field-label">&nbsp;<label for="template_CAP_PROFESSIONAL_RESIDENTIAL_ADDRESS_1">Residential Address 1</label>&nbsp;</TD><td width = 0></td>
			</TR>
			<TR>
				<TD>&nbsp;<input type="text" id="template_CAP_PROFESSIONAL_RESIDENTIAL_ADDRESS_1" name="template_CAP_PROFESSIONAL_RESIDENTIAL_ADDRESS_1" class="inputField"maxlength="200" value="" ></TD>
			</TR>
		</TBODY>
	</TABLE>
</TD>
<TD vAlign="top"  width='33.3%' >
	<TABLE>
		<TBODY>
			<TR>
				<TD class="portlet-form-field-label">&nbsp;<label for="template_CAP_PROFESSIONAL_RESIDENTIAL_ADDRESS_2">Residential Address 2</label>&nbsp;</TD><td width = 0></td>
			</TR>
			<TR>
				<TD>&nbsp;<input type="text" id="template_CAP_PROFESSIONAL_RESIDENTIAL_ADDRESS_2" name="template_CAP_PROFESSIONAL_RESIDENTIAL_ADDRESS_2" class="inputField"maxlength="200" value="" ></TD>
			</TR>
		</TBODY>
	</TABLE>
</TD>
<TD vAlign="top"  width='33.3%' >
	<TABLE>
		<TBODY>
			<TR>
				<TD class="portlet-form-field-label">&nbsp;<label for="template_CAP_PROFESSIONAL_RESIDENTIAL_CITY">Residential City</label>&nbsp;</TD><td width = 0></td>
			</TR>
			<TR>
				<TD>&nbsp;<input type="text" id="template_CAP_PROFESSIONAL_RESIDENTIAL_CITY" name="template_CAP_PROFESSIONAL_RESIDENTIAL_CITY" class="inputField"maxlength="200" value="" ></TD>
			</TR>
		</TBODY>
	</TABLE>
</TD>
<TD vAlign="top"  width='33.3%' >
	<TABLE>
		<TBODY>
			<TR>
				<TD class="portlet-form-field-label">&nbsp;<label for="template_CAP_PROFESSIONAL_RESIDENTIAL_STATE">Residential State</label>&nbsp;</TD><td width = 0></td>
			</TR>
			<TR>
				<TD>&nbsp;<input type="text" id="template_CAP_PROFESSIONAL_RESIDENTIAL_STATE" name="template_CAP_PROFESSIONAL_RESIDENTIAL_STATE" class="inputField"maxlength="200" value="" ></TD>
			</TR>
		</TBODY>
	</TABLE>
</TD>
</TR><tr><td height = 0></td></tr><tr><td height = 0></td></tr><tr><td height = 0></td></tr><tr><td height = 0></td></tr><tr><TD vAlign="top"  width='33.3%' >
	<TABLE>
		<TBODY>
			<TR>
				<TD class="portlet-form-field-label">&nbsp;<label for="template_CAP_PROFESSIONAL_RESIDENTIAL_ZIP">Residential Zip</label>&nbsp;</TD><td width = 0></td>
			</TR>
			<TR>
				<TD>&nbsp;<input type="text" id="template_CAP_PROFESSIONAL_RESIDENTIAL_ZIP" name="template_CAP_PROFESSIONAL_RESIDENTIAL_ZIP" class="inputField"maxlength="200" value="" ></TD>
			</TR>
		</TBODY>
	</TABLE>
</TD>
<TD vAlign="top"  width='33.3%' >
	<TABLE>
		<TBODY>
			<TR>
				<TD class="portlet-form-field-label">&nbsp;<label for="template_CAP_PROFESSIONAL_BOND_CODE">Bond Code</label>&nbsp;</TD><td width = 0></td>
			</TR>
			<TR>
				<TD>&nbsp;<input type="text" id="template_CAP_PROFESSIONAL_BOND_CODE" name="template_CAP_PROFESSIONAL_BOND_CODE" class="inputField"maxlength="200" value="" ></TD>
			</TR>
		</TBODY>
	</TABLE>
</TD>
<TD vAlign="top"  width='33.3%' >
	<TABLE>
		<TBODY>
			<TR>
				<TD class="portlet-form-field-label">&nbsp;<label for="template_CAP_PROFESSIONAL_BOND_COMPANY">Bond Company</label>&nbsp;</TD><td width = 0></td>
			</TR>
			<TR>
				<TD>&nbsp;<input type="text" id="template_CAP_PROFESSIONAL_BOND_COMPANY" name="template_CAP_PROFESSIONAL_BOND_COMPANY" class="inputField"maxlength="200" value="" ></TD>
			</TR>
		</TBODY>
	</TABLE>
</TD>
<TD vAlign="top"  width='33.3%' >
	<TABLE>
		<TBODY>
			<TR>
				<TD class="portlet-form-field-label">&nbsp;<label for="template_CAP_PROFESSIONAL_BOND_DATE">Bond Date</label>&nbsp;</TD><td width = 0></td>
			</TR>
			<TR>
				<TD>&nbsp;<input type="text" id="template_CAP_PROFESSIONAL_BOND_DATE" name="template_CAP_PROFESSIONAL_BOND_DATE" class="inputField"maxlength="200" value=""  onblur="checkDate(this,1,1535583661630);" onkeydown="if(event.keyCode == 13) return(checkDate(this,0,1535583661630))">&nbsp;<A href="#" onclick="return selectDate('template_CAP_PROFESSIONAL_BOND_DATE')"><img src="/portlets/images/selectDate.gif" border=0 alt="Select Date"></A></TD>
			</TR>
		</TBODY>
	</TABLE>
</TD>
</TR><tr><td height = 0></td></tr><tr><td height = 0></td></tr><tr><td height = 0></td></tr><tr><td height = 0></td></tr><tr><TD vAlign="top"  width='33.3%' >
	<TABLE>
		<TBODY>
			<TR>
				<TD class="portlet-form-field-label">&nbsp;<label for="template_CAP_PROFESSIONAL_ADDITIONAL_COMMENTS">Additional Comments</label>&nbsp;</TD><td width = 0></td>
			</TR>
			<TR>
				<TD>&nbsp;<input type="text" id="template_CAP_PROFESSIONAL_ADDITIONAL_COMMENTS" name="template_CAP_PROFESSIONAL_ADDITIONAL_COMMENTS" class="inputField"maxlength="200" value="" ></TD>
			</TR>
		</TBODY>
	</TABLE>
</TD>
</tr>	</TABLE>

					
					]]></zone><script><![CDATA[
						try
						{
							jetspeedTop.iframeResize();			
						}
						catch (error)
						{ 
						}
						]]></script><script/><script><![CDATA[																	
					try
					{
						jetspeedTop.iframeResize();			
					}
					catch (error)
					{ 
					}
					]]></script><script/><image><![CDATA[/portlets/images/selectDate.gif]]></image></zones>